school_name,borough,building_code,average_math,average_reading,average_writing,percent_tested
The Staten Island Collegiate for Humanities (Bldg 0),Staten Island,R276,,619.0,692.0,69.5
Global Studies Academy of Manhattan - Campus 1,Manhattan,M674,581.0,445.0,574.0,92.2
The Staten Island Academy for Humanities (Bldg 2),Staten Island,R584,600.0,450.0,558.0,43.2
The Manhattan Institute of Technology for Mathematics (Bldg 3),Manhattan,M741,708.0,616.0,380.0,67.9
The Bronx Collegiate for Arts (Bldg 4),Bronx,X450,518.0,540.0,620.0,70.3
The Queens Academy for Science (Bldg 5),Queens,Q893,463.0,630.0,684.0,60.2
The Brooklyn Academy for Mathematics (Bldg 6),Brooklyn,K843,394.0,395.0,497.0,44.9
The Queens Collegiate for Technology (Bldg 7),Queens,Q636,672.0,626.0,562.0,74.3
The Bronx School for for Technology (Bldg 8),Bronx,X022,399.0,638.0,618.0,54.4
Global Studies Institute of Technology of Staten Island - Campus 9,Staten Island,R406,725.0,584.0,711.0,
The Staten Island Academy for Leadership (Bldg 10),Staten Island,R453,476.0,610.0,680.0,51.5
Medicine High School of Manhattan - Campus 11,Manhattan,M017,465.0,651.0,718.0,94.6
Humanities Collegiate of Staten Island - Campus 12,Staten Island,R068,626.0,736.0,395.0,75.6
The Queens Collegiate for Leadership (Bldg 13),Queens,Q660,451.0,721.0,423.0,98.9
Science School for of Bronx - Campus 14,Bronx,X371,565.0,462.0,557.0,41.1
The Queens Collegiate for Leadership (Bldg 15),Queens,Q924,755.0,630.0,396.0,95.5
Mathematics High School of Manhattan - Campus 16,Manhattan,M099,577.0,480.0,476.0,93.0
Science Preparatory Academy of Bronx - Campus 17,Bronx,X829,,446.0,475.0,99.8
The Bronx Academy for Global Studies (Bldg 18),Bronx,X985,642.0,753.0,494.0,70.5
The Staten Island Institute of Technology for Medicine (Bldg 19),Staten Island,R587,,735.0,482.0,58.2
Global Studies School for of Queens - Campus 20,Queens,Q616,531.0,447.0,498.0,97.9
Humanities Institute of Technology of Manhattan - Campus 21,Manhattan,M213,780.0,582.0,413.0,71.6
The Manhattan School for for Medicine (Bldg 22),Manhattan,M690,555.0,729.0,373.0,51.1
The Bronx Academy for Technology (Bldg 23),Bronx,X868,724.0,664.0,446.0,89.8
Mathematics Preparatory Academy of Queens - Campus 24,Queens,Q456,671.0,665.0,679.0,41.3
Leadership High School of Manhattan - Campus 25,Manhattan,M492,647.0,566.0,371.0,87.7
Leadership Institute of Technology of Brooklyn - Campus 26,Brooklyn,K599,611.0,705.0,636.0,62.5
Global Studies High School of Brooklyn - Campus 27,Brooklyn,K689,549.0,639.0,421.0,89.5
The Queens Institute of Technology for Technology (Bldg 28),Queens,Q658,658.0,690.0,356.0,50.8
The Bronx Institute of Technology for Arts (Bldg 29),Bronx,X024,370.0,558.0,365.0,64.1
Mathematics Collegiate of Manhattan - Campus 30,Manhattan,M477,395.0,584.0,,90.6
The Manhattan Institute of Technology for Arts (Bldg 31),Manhattan,M861,607.0,620.0,406.0,71.6
The Queens High School for Science (Bldg 32),Queens,Q215,425.0,414.0,437.0,86.3
The Bronx School for for Arts (Bldg 33),Bronx,X373,755.0,626.0,583.0,71.8
Medicine Collegiate of Queens - Campus 34,Queens,Q612,506.0,692.0,502.0,84.6
Global Studies Institute of Technology of Manhattan - Campus 35,Manhattan,M790,460.0,387.0,709.0,
Technology Preparatory Academy of Staten Island - Campus 36,Staten Island,R961,468.0,645.0,366.0,97.6
The Manhattan School for for Global Studies (Bldg 37),Manhattan,M328,486.0,441.0,589.0,93.0
The Manhattan Preparatory Academy for Global Studies (Bldg 38),Manhattan,M293,764.0,468.0,426.0,90.8
The Queens School for for Law (Bldg 39),Queens,Q708,757.0,559.0,510.0,74.7
Business Preparatory Academy of Bronx - Campus 40,Bronx,X419,675.0,517.0,558.0,44.4
Humanities Preparatory Academy of Bronx - Campus 41,Bronx,X015,657.0,520.0,412.0,79.8
Business Institute of Technology of Brooklyn - Campus 42,Brooklyn,K423,731.0,632.0,504.0,85.2
Technology Academy of Staten Island - Campus 43,Staten Island,R613,605.0,700.0,705.0,69.7
The Queens Collegiate for Mathematics (Bldg 44),Queens,Q663,510.0,728.0,713.0,68.1
The Bronx Collegiate for Medicine (Bldg 45),Bronx,X034,741.0,612.0,686.0,79.8
The Manhattan Academy for Arts (Bldg 46),Manhattan,M245,425.0,493.0,622.0,41.3
The Bronx Academy for Technology (Bldg 47),Bronx,X752,660.0,525.0,684.0,60.6
The Queens Collegiate for Humanities (Bldg 48),Queens,Q937,739.0,431.0,593.0,89.3
Law Preparatory Academy of Brooklyn - Campus 49,Brooklyn,K961,672.0,590.0,541.0,82.9
The Brooklyn School for for Leadership (Bldg 50),Brooklyn,K095,746.0,,643.0,45.3
The Brooklyn Institute of Technology for Business (Bldg 51),Brooklyn,K393,570.0,386.0,520.0,62.0
The Staten Island High School for Global Studies (Bldg 52),Staten Island,R955,619.0,376.0,526.0,79.0
Medicine Institute of Technology of Queens - Campus 53,Queens,Q480,693.0,734.0,,63.8
Global Studies Institute of Technology of Manhattan - Campus 54,Manhattan,M948,719.0,712.0,426.0,45.7
Medicine Institute of Technology of Manhattan - Campus 55,Manhattan,M173,500.0,634.0,517.0,90.5
The Bronx High School for Law (Bldg 56),Bronx,X096,741.0,684.0,352.0,65.3
The Manhattan School for for Business (Bldg 57),Manhattan,M179,768.0,453.0,557.0,56.8
The Queens School for for Medicine (Bldg 58),Queens,Q890,683.0,534.0,541.0,94.6
Law Collegiate of Manhattan - Campus 59,Manhattan,M706,748.0,538.0,696.0,62.7
The Staten Island Collegiate for Technology (Bldg 60),Staten Island,R638,498.0,520.0,581.0,63.6
Technology Academy of Bronx - Campus 61,Bronx,X811,543.0,540.0,679.0,71.6
Leadership School for of Manhattan - Campus 62,Manhattan,M031,614.0,451.0,505.0,70.0
The Queens Institute of Technology for Leadership (Bldg 63),Queens,Q464,408.0,623.0,469.0,40.7
The Queens School for for Global Studies (Bldg 64),Queens,Q122,440.0,673.0,,91.0
Medicine Academy of Staten Island - Campus 65,Staten Island,R121,421.0,411.0,518.0,56.6
The Brooklyn Collegiate for Business (Bldg 66),Brooklyn,K603,627.0,650.0,502.0,99.2
The Manhattan Preparatory Academy for Global Studies (Bldg 67),Manhattan,M490,,750.0,700.0,47.9
Technology Preparatory Academy of Brooklyn - Campus 68,Brooklyn,K961,532.0,361.0,662.0,82.8
The Manhattan Institute of Technology for Business (Bldg 69),Manhattan,M780,488.0,722.0,633.0,92.5
Arts Institute of Technology of Staten Island - Campus 70,Staten Island,R987,579.0,536.0,620.0,83.3
Business School for of Bronx - Campus 71,Bronx,X289,537.0,698.0,630.0,75.6
The Manhattan Academy for Medicine (Bldg 72),Manhattan,M581,403.0,486.0,524.0,62.5
Technology Collegiate of Brooklyn - Campus 73,Brooklyn,K287,492.0,735.0,,70.2
Arts School for of Brooklyn - Campus 74,Brooklyn,K236,550.0,699.0,410.0,81.0
The Brooklyn Academy for Medicine (Bldg 75),Brooklyn,K049,493.0,735.0,676.0,45.8
Arts Preparatory Academy of Queens - Campus 76,Queens,Q954,663.0,591.0,482.0,93.0
The Bronx Academy for Technology (Bldg 77),Bronx,X308,364.0,720.0,519.0,
The Manhattan High School for Business (Bldg 78),Manhattan,M753,557.0,606.0,708.0,78.7
Business School for of Staten Island - Campus 79,Staten Island,R854,605.0,484.0,375.0,59.3
Technology Preparatory Academy of Manhattan - Campus 80,Manhattan,M693,,369.0,562.0,66.5
Humanities Preparatory Academy of Brooklyn - Campus 81,Brooklyn,K629,365.0,758.0,638.0,41.7
Medicine Institute of Technology of Manhattan - Campus 82,Manhattan,M982,374.0,485.0,715.0,89.9
The Manhattan Academy for Law (Bldg 83),Manhattan,M260,617.0,731.0,407.0,84.6
Leadership Preparatory Academy of Bronx - Campus 84,Bronx,X161,678.0,445.0,705.0,81.5
Global Studies Academy of Queens - Campus 85,Queens,Q736,707.0,515.0,674.0,42.4
The Manhattan Collegiate for Mathematics (Bldg 86),Manhattan,M582,618.0,402.0,701.0,51.9
The Manhattan School for for Humanities (Bldg 87),Manhattan,M659,387.0,666.0,427.0,90.2
Medicine School for of Staten Island - Campus 88,Staten Island,R038,431.0,732.0,423.0,89.6
Science Institute of Technology of Bronx - Campus 89,Bronx,X555,625.0,472.0,689.0,60.1
Technology Preparatory Academy of Bronx - Campus 90,Bronx,X412,635.0,482.0,388.0,70.6
Leadership Preparatory Academy of Bronx - Campus 91,Bronx,X026,650.0,520.0,,40.5
Law Institute of Technology of Bronx - Campus 92,Bronx,X956,476.0,,548.0,81.5
Humanities Academy of Queens - Campus 93,Queens,Q792,577.0,600.0,588.0,73.8
The Bronx School for for Mathematics (Bldg 94),Bronx,X416,,685.0,493.0,73.7
The Manhattan Academy for Humanities (Bldg 95),Manhattan,M455,586.0,528.0,527.0,65.7
The Staten Island Collegiate for Arts (Bldg 96),Staten Island,R611,407.0,394.0,504.0,70.6
The Bronx Preparatory Academy for Business (Bldg 97),Bronx,X487,527.0,481.0,667.0,87.7
The Queens Collegiate for Law (Bldg 98),Queens,Q074,742.0,671.0,739.0,44.5
The Staten Island Collegiate for Humanities (Bldg 99),Staten Island,R553,532.0,601.0,554.0,53.1
Law Academy of Brooklyn - Campus 100,Brooklyn,K540,768.0,392.0,,99.8
Arts Preparatory Academy of Queens - Campus 101,Queens,Q277,618.0,520.0,551.0,70.9
The Bronx School for for Leadership (Bldg 102),Bronx,X408,557.0,601.0,731.0,90.2
The Bronx Institute of Technology for Medicine (Bldg 103),Bronx,X962,356.0,518.0,371.0,51.1
The Queens Preparatory Academy for Business (Bldg 104),Queens,Q998,620.0,480.0,483.0,84.6
The Manhattan School for for Leadership (Bldg 105),Manhattan,M469,760.0,668.0,553.0,57.6
Humanities School for of Bronx - Campus 106,Bronx,X264,638.0,,599.0,
The Queens Collegiate for Medicine (Bldg 107),Queens,Q118,766.0,472.0,618.0,98.7
The Brooklyn Collegiate for Law (Bldg 108),Brooklyn,K837,427.0,485.0,657.0,87.7
Arts Academy of Staten Island - Campus 109,Staten Island,R060,701.0,654.0,391.0,88.4
The Brooklyn School for for Law (Bldg 110),Brooklyn,K906,549.0,392.0,662.0,97.0
Leadership Academy of Bronx - Campus 111,Bronx,X102,685.0,560.0,661.0,45.9
Global Studies Academy of Brooklyn - Campus 112,Brooklyn,K903,428.0,449.0,608.0,53.6
Business Institute of Technology of Staten Island - Campus 113,Staten Island,R687,376.0,426.0,433.0,64.1
Arts High School of Bronx - Campus 114,Bronx,X376,415.0,471.0,451.0,41.6
Arts Collegiate of Queens - Campus 115,Queens,Q125,595.0,470.0,579.0,80.0
Global Studies High School of Queens - Campus 116,Queens,Q214,474.0,477.0,495.0,
The Manhattan High School for Humanities (Bldg 117),Manhattan,M562,400.0,697.0,663.0,89.0
Global Studies Preparatory Academy of Bronx - Campus 118,Bronx,X976,564.0,392.0,667.0,94.5
The Queens Preparatory Academy for Medicine (Bldg 119),Queens,Q349,703.0,617.0,,70.3
Leadership Collegiate of Staten Island - Campus 120,Staten Island,R769,753.0,680.0,688.0,62.0
The Bronx Academy for Humanities (Bldg 121),Bronx,X659,687.0,517.0,714.0,89.5
Business Academy of Bronx - Campus 122,Bronx,X553,766.0,479.0,593.0,96.4
Mathematics Collegiate of Manhattan - Campus 123,Manhattan,M091,479.0,690.0,565.0,57.2
Technology Collegiate of Manhattan - Campus 124,Manhattan,M609,463.0,,437.0,43.4
The Staten Island Institute of Technology for Arts (Bldg 125),Staten Island,R808,713.0,494.0,355.0,
The Queens Academy for Technology (Bldg 126),Queens,Q225,731.0,489.0,721.0,82.4
Law Collegiate of Manhattan - Campus 127,Manhattan,M311,644.0,542.0,509.0,99.4
Leadership Preparatory Academy of Queens - Campus 128,Queens,Q307,746.0,,,76.7
Law Institute of Technology of Queens - Campus 129,Queens,Q060,552.0,509.0,503.0,57.7
Technology Institute of Technology of Queens - Campus 130,Queens,Q561,662.0,436.0,624.0,80.1
Global Studies School for of Queens - Campus 131,Queens,Q823,471.0,430.0,357.0,87.1
Business Institute of Technology of Brooklyn - Campus 132,Brooklyn,K537,561.0,683.0,435.0,43.9
Global Studies Institute of Technology of Brooklyn - Campus 133,Brooklyn,K372,512.0,,533.0,41.9
The Queens School for for Law (Bldg 134),Queens,Q777,506.0,419.0,554.0,82.8
Global Studies Institute of Technology of Bronx - Campus 135,Bronx,X973,744.0,480.0,735.0,66.4
Global Studies School for of Manhattan - Campus 136,Manhattan,M711,412.0,757.0,446.0,80.1
Law Institute of Technology of Brooklyn - Campus 137,Brooklyn,K687,765.0,654.0,579.0,67.3
Business Collegiate of Manhattan - Campus 138,Manhattan,M825,746.0,367.0,422.0,92.9
The Manhattan Collegiate for Law (Bldg 139),Manhattan,M463,571.0,404.0,435.0,48.8
Leadership Academy of Bronx - Campus 140,Bronx,X017,767.0,659.0,685.0,79.6
The Bronx Academy for Leadership (Bldg 141),Bronx,X445,588.0,621.0,745.0,86.8
The Staten Island Preparatory Academy for Humanities (Bldg 142),Staten Island,R358,694.0,,455.0,75.9
Business Collegiate of Brooklyn - Campus 143,Brooklyn,K361,750.0,582.0,626.0,60.5
Global Studies School for of Brooklyn - Campus 144,Brooklyn,K513,510.0,627.0,603.0,45.0
The Brooklyn School for for Medicine (Bldg 145),Brooklyn,K133,683.0,381.0,605.0,51.3
Science High School of Bronx - Campus 146,Bronx,X717,469.0,420.0,452.0,69.8
The Queens High School for Medicine (Bldg 147),Queens,Q405,497.0,647.0,,74.9
Humanities Preparatory Academy of Brooklyn - Campus 148,Brooklyn,K311,511.0,564.0,369.0,63.8
Business Collegiate of Queens - Campus 149,Queens,Q931,610.0,434.0,407.0,84.4
Business School for of Brooklyn - Campus 150,Brooklyn,K358,564.0,714.0,736.0,76.6
Humanities High School of Queens - Campus 151,Queens,Q764,476.0,463.0,430.0,74.2
The Bronx School for for Science (Bldg 152),Bronx,X661,709.0,428.0,396.0,59.2
The Brooklyn Institute of Technology for Global Studies (Bldg 153),Brooklyn,K656,,362.0,417.0,90.9
Humanities Academy of Staten Island - Campus 154,Staten Island,R297,440.0,720.0,502.0,98.8
The Staten Island Academy for Arts (Bldg 155),Staten Island,R256,,464.0,365.0,77.1
The Queens Preparatory Academy for Medicine (Bldg 156),Queens,Q073,400.0,699.0,534.0,97.0
Technology Academy of Manhattan - Campus 157,Manhattan,M374,641.0,543.0,552.0,79.2
Humanities Preparatory Academy of Queens - Campus 158,Queens,Q624,704.0,732.0,685.0,70.3
The Staten Island School for for Leadership (Bldg 159),Staten Island,R930,408.0,,615.0,63.5
Business Preparatory Academy of Brooklyn - Campus 160,Brooklyn,K042,666.0,390.0,648.0,95.1
Global Studies School for of Bronx - Campus 161,Bronx,X622,676.0,518.0,690.0,82.5
Business Preparatory Academy of Bronx - Campus 162,Bronx,X138,375.0,609.0,682.0,80.1
Humanities Institute of Technology of Queens - Campus 163,Queens,Q859,383.0,632.0,572.0,44.8
Technology School for of Bronx - Campus 164,Bronx,X214,568.0,720.0,693.0,47.8
The Queens Institute of Technology for Global Studies (Bldg 165),Queens,Q907,409.0,500.0,397.0,79.5
The Staten Island Preparatory Academy for Humanities (Bldg 166),Staten Island,R919,404.0,612.0,425.0,96.4
The Manhattan Preparatory Academy for Law (Bldg 167),Manhattan,M351,366.0,676.0,688.0,49.9
Business Institute of Technology of Queens - Campus 168,Queens,Q801,618.0,538.0,402.0,97.0
Mathematics School for of Staten Island - Campus 169,Staten Island,R587,545.0,409.0,743.0,47.6
The Staten Island Preparatory Academy for Science (Bldg 170),Staten Island,R312,551.0,715.0,631.0,45.6
Technology School for of Bronx - Campus 171,Bronx,X594,745.0,677.0,618.0,85.0
Arts Preparatory Academy of Staten Island - Campus 172,Staten Island,R331,557.0,388.0,481.0,58.6
The Bronx Institute of Technology for Law (Bldg 173),Bronx,X990,485.0,601.0,458.0,84.3
Science Academy of Staten Island - Campus 174,Staten Island,R017,646.0,582.0,628.0,94.3
The Bronx Academy for Humanities (Bldg 175),Bronx,X069,653.0,403.0,388.0,52.7
The Queens High School for Leadership (Bldg 176),Queens,Q612,738.0,,530.0,58.1
The Staten Island Institute of Technology for Mathematics (Bldg 177),Staten Island,R730,731.0,607.0,705.0,41.6
Humanities Institute of Technology of Manhattan - Campus 178,Manhattan,M325,,526.0,511.0,60.5
Arts Collegiate of Bronx - Campus 179,Bronx,X892,500.0,425.0,567.0,90.4
Technology School for of Brooklyn - Campus 180,Brooklyn,K373,715.0,674.0,444.0,68.4
Humanities School for of Queens - Campus 181,Queens,Q941,534.0,721.0,675.0,98.3
The Queens Institute of Technology for Technology (Bldg 182),Queens,Q901,368.0,431.0,736.0,93.3
Humanities School for of Queens - Campus 183,Queens,Q157,352.0,513.0,490.0,47.3
Global Studies School for of Staten Island - Campus 184,Staten Island,R385,607.0,405.0,516.0,67.6
Technology Collegiate of Queens - Campus 185,Queens,Q723,661.0,429.0,606.0,57.8
The Queens Collegiate for Business (Bldg 186),Queens,Q038,520.0,609.0,521.0,98.0
The Queens Preparatory Academy for Global Studies (Bldg 187),Queens,Q624,698.0,700.0,564.0,42.5
Science Academy of Brooklyn - Campus 188,Brooklyn,K603,514.0,647.0,,77.0
Business Academy of Staten Island - Campus 189,Staten Island,R668,441.0,697.0,686.0,80.4
Leadership Preparatory Academy of Bronx - Campus 190,Bronx,X056,630.0,558.0,504.0,70.9
Business School for of Brooklyn - Campus 191,Brooklyn,K204,584.0,408.0,471.0,74.7
Mathematics High School of Brooklyn - Campus 192,Brooklyn,K532,486.0,704.0,484.0,50.1
Leadership Institute of Technology of Queens - Campus 193,Queens,Q092,687.0,,608.0,41.9
Law Preparatory Academy of Bronx - Campus 194,Bronx,X102,375.0,486.0,455.0,46.4
Law High School of Bronx - Campus 195,Bronx,X137,473.0,567.0,403.0,80.9
Mathematics Collegiate of Manhattan - Campus 196,Manhattan,M785,429.0,739.0,541.0,89.0
The Staten Island Institute of Technology for Global Studies (Bldg 197),Staten Island,R885,496.0,535.0,649.0,97.8
Global Studies Institute of Technology of Queens - Campus 198,Queens,Q151,622.0,643.0,399.0,88.5
Mathematics High School of Brooklyn - Campus 199,Brooklyn,K611,704.0,643.0,555.0,43.6
The Queens School for for Law (Bldg 200),Queens,Q987,560.0,490.0,458.0,56.7
Arts School for of Staten Island - Campus 201,Staten Island,R942,543.0,411.0,747.0,74.2
Technology Institute of Technology of Bronx - Campus 202,Bronx,X132,681.0,612.0,513.0,96.0
The Staten Island Academy for Technology (Bldg 203),Staten Island,R775,645.0,577.0,681.0,97.7
Business School for of Queens - Campus 204,Queens,Q091,734.0,370.0,713.0,42.2
Arts Preparatory Academy of Brooklyn - Campus 205,Brooklyn,K929,669.0,599.0,654.0,45.8
Business Institute of Technology of Staten Island - Campus 206,Staten Island,R474,720.0,366.0,621.0,51.0
The Bronx School for for Medicine (Bldg 207),Bronx,X314,627.0,495.0,562.0,67.4
The Brooklyn Collegiate for Humanities (Bldg 208),Brooklyn,K680,428.0,432.0,535.0,72.4
The Bronx School for for Technology (Bldg 209),Bronx,X609,363.0,731.0,685.0,61.5
The Staten Island High School for Mathematics (Bldg 210),Staten Island,R261,507.0,592.0,687.0,78.6
Global Studies Academy of Bronx - Campus 211,Bronx,X044,579.0,406.0,521.0,67.0
Leadership Preparatory Academy of Queens - Campus 212,Queens,Q323,355.0,629.0,358.0,69.5
Global Studies Institute of Technology of Queens - Campus 213,Queens,Q657,761.0,519.0,562.0,44.9
The Brooklyn Institute of Technology for Technology (Bldg 214),Brooklyn,K272,681.0,651.0,569.0,51.8
The Staten Island Institute of Technology for Mathematics (Bldg 215),Staten Island,R442,430.0,539.0,711.0,68.1
The Bronx Academy for Law (Bldg 216),Bronx,X274,704.0,481.0,443.0,76.0
Business Preparatory Academy of Manhattan - Campus 217,Manhattan,M335,739.0,488.0,423.0,68.4
The Staten Island Preparatory Academy for Science (Bldg 218),Staten Island,R662,614.0,720.0,512.0,97.6
Science School for of Brooklyn - Campus 219,Brooklyn,K839,390.0,605.0,600.0,50.1
Global Studies Preparatory Academy of Brooklyn - Campus 220,Brooklyn,K068,737.0,423.0,676.0,99.0
The Staten Island Preparatory Academy for Business (Bldg 221),Staten Island,R680,385.0,501.0,733.0,50.4
Medicine Collegiate of Manhattan - Campus 222,Manhattan,M608,446.0,618.0,441.0,62.0
The Staten Island Collegiate for Global Studies (Bldg 223),Staten Island,R738,596.0,560.0,731.0,76.2
The Queens High School for Technology (Bldg 224),Queens,Q278,489.0,604.0,597.0,98.5
Science Collegiate of Bronx - Campus 225,Bronx,X669,,397.0,696.0,
The Brooklyn High School for Global Studies (Bldg 226),Brooklyn,K300,754.0,756.0,351.0,53.1
Business School for of Manhattan - Campus 227,Manhattan,M611,643.0,367.0,460.0,74.3
Law Collegiate of Brooklyn - Campus 228,Brooklyn,K896,356.0,597.0,497.0,85.2
The Bronx Academy for Humanities (Bldg 229),Bronx,X879,611.0,558.0,389.0,66.1
The Brooklyn Preparatory Academy for Business (Bldg 230),Brooklyn,K415,410.0,383.0,364.0,41.6
The Staten Island School for for Science (Bldg 231),Staten Island,R483,410.0,744.0,457.0,79.9
The Manhattan Institute of Technology for Business (Bldg 232),Manhattan,M822,563.0,759.0,553.0,
The Queens Academy for Science (Bldg 233),Queens,Q153,647.0,510.0,741.0,98.6
The Queens Institute of Technology for Humanities (Bldg 234),Queens,Q798,583.0,654.0,724.0,47.3
The Manhattan Collegiate for Science (Bldg 235),Manhattan,M973,503.0,530.0,409.0,74.8
Law Preparatory Academy of Queens - Campus 236,Queens,Q360,726.0,520.0,590.0,51.7
The Staten Island Academy for Science (Bldg 237),Staten Island,R905,625.0,,513.0,57.7
Medicine School for of Brooklyn - Campus 238,Brooklyn,K843,351.0,555.0,425.0,79.2
Global Studies Academy of Queens - Campus 239,Queens,Q241,498.0,594.0,718.0,63.8
The Manhattan Collegiate for Law (Bldg 240),Manhattan,M445,,,606.0,81.1
Global Studies High School of Brooklyn - Campus 241,Brooklyn,K843,503.0,614.0,467.0,52.0
Humanities School for of Staten Island - Campus 242,Staten Island,R590,458.0,698.0,450.0,92.3
Science Academy of Staten Island - Campus 243,Staten Island,R934,516.0,477.0,599.0,53.8
The Staten Island Institute of Technology for Mathematics (Bldg 244),Staten Island,R536,595.0,602.0,625.0,89.8
Law Preparatory Academy of Manhattan - Campus 245,Manhattan,M037,,733.0,,51.9
Business Preparatory Academy of Brooklyn - Campus 246,Brooklyn,K647,613.0,385.0,739.0,
The Bronx Collegiate for Science (Bldg 247),Bronx,X522,510.0,396.0,550.0,93.7
The Manhattan High School for Science (Bldg 248),Manhattan,M297,672.0,408.0,646.0,66.1
Science Institute of Technology of Manhattan - Campus 249,Manhattan,M161,510.0,,373.0,84.6
The Brooklyn Preparatory Academy for Technology (Bldg 250),Brooklyn,K607,450.0,497.0,750.0,86.8
Global Studies High School of Manhattan - Campus 251,Manhattan,M077,773.0,649.0,622.0,79.6
The Bronx Academy for Science (Bldg 252),Bronx,X855,707.0,462.0,440.0,74.7
The Staten Island Collegiate for Medicine (Bldg 253),Staten Island,R190,693.0,,701.0,68.8
The Manhattan Collegiate for Business (Bldg 254),Manhattan,M553,630.0,433.0,,69.3
Global Studies Academy of Manhattan - Campus 255,Manhattan,M505,418.0,587.0,738.0,53.4
The Bronx High School for Global Studies (Bldg 256),Bronx,X682,745.0,384.0,575.0,88.1
The Staten Island Collegiate for Mathematics (Bldg 257),Staten Island,R233,373.0,603.0,390.0,87.0
The Staten Island Collegiate for Science (Bldg 258),Staten Island,R710,711.0,565.0,457.0,59.7
Arts Institute of Technology of Bronx - Campus 259,Bronx,X762,720.0,577.0,747.0,90.2
The Staten Island Collegiate for Global Studies (Bldg 260),Staten Island,R936,764.0,501.0,741.0,44.5
The Staten Island High School for Law (Bldg 261),Staten Island,R768,685.0,583.0,706.0,87.9
Technology Collegiate of Manhattan - Campus 262,Manhattan,M022,677.0,507.0,425.0,70.6
Law Institute of Technology of Manhattan - Campus 263,Manhattan,M759,702.0,560.0,590.0,53.8
Global Studies High School of Brooklyn - Campus 264,Brooklyn,K476,724.0,388.0,424.0,81.4
The Bronx Academy for Technology (Bldg 265),Bronx,X231,602.0,412.0,506.0,48.6
Technology High School of Manhattan - Campus 266,Manhattan,M219,540.0,732.0,696.0,87.1
The Brooklyn Collegiate for Mathematics (Bldg 267),Brooklyn,K942,680.0,422.0,456.0,76.9
Humanities Institute of Technology of Bronx - Campus 268,Bronx,X725,683.0,394.0,457.0,61.3
Science Preparatory Academy of Staten Island - Campus 269,Staten Island,R041,753.0,601.0,400.0,50.4
The Brooklyn High School for Science (Bldg 270),Brooklyn,K386,367.0,659.0,746.0,71.4
Business High School of Bronx - Campus 271,Bronx,X108,,509.0,410.0,92.1
The Manhattan Academy for Humanities (Bldg 272),Manhattan,M852,603.0,,388.0,52.4
Leadership Academy of Bronx - Campus 273,Bronx,X058,716.0,685.0,737.0,47.5
The Queens Academy for Humanities (Bldg 274),Queens,Q937,617.0,505.0,447.0,96.4
Law School for of Staten Island - Campus 275,Staten Island,R497,779.0,568.0,732.0,88.8
Technology High School of Manhattan - Campus 276,Manhattan,M432,478.0,600.0,421.0,99.1
The Queens High School for Science (Bldg 277),Queens,Q469,516.0,501.0,,86.0
Law High School of Staten Island - Campus 278,Staten Island,R213,562.0,495.0,455.0,79.2
The Staten Island High School for Mathematics (Bldg 279),Staten Island,R870,368.0,688.0,550.0,66.5
The Brooklyn High School for Science (Bldg 280),Brooklyn,K973,570.0,634.0,506.0,43.3
The Queens Preparatory Academy for Medicine (Bldg 281),Queens,Q960,759.0,386.0,718.0,78.8
Science Institute of Technology of Brooklyn - Campus 282,Brooklyn,K715,747.0,722.0,605.0,94.4
Arts School for of Staten Island - Campus 283,Staten Island,R509,706.0,500.0,468.0,51.3
Leadership School for of Queens - Campus 284,Queens,Q617,713.0,706.0,644.0,94.1
The Brooklyn Collegiate for Medicine (Bldg 285),Brooklyn,K369,570.0,448.0,642.0,73.8
The Manhattan Collegiate for Arts (Bldg 286),Manhattan,M888,,467.0,670.0,92.7
Science High School of Queens - Campus 287,Queens,Q038,600.0,551.0,507.0,87.1
Arts Preparatory Academy of Brooklyn - Campus 288,Brooklyn,K073,456.0,560.0,,49.4
The Queens Preparatory Academy for Business (Bldg 289),Queens,Q857,,417.0,,99.3
Arts Academy of Bronx - Campus 290,Bronx,X054,709.0,597.0,718.0,86.3
Technology Preparatory Academy of Manhattan - Campus 291,Manhattan,M906,597.0,405.0,478.0,90.0
Law High School of Staten Island - Campus 292,Staten Island,R070,375.0,424.0,616.0,64.9
Business Collegiate of Staten Island - Campus 293,Staten Island,R501,573.0,,533.0,77.6
The Bronx High School for Medicine (Bldg 294),Bronx,X962,420.0,473.0,439.0,68.6
Business School for of Brooklyn - Campus 295,Brooklyn,K935,627.0,442.0,595.0,42.6
The Staten Island Academy for Law (Bldg 296),Staten Island,R150,666.0,712.0,467.0,78.3
Mathematics School for of Queens - Campus 297,Queens,Q817,636.0,599.0,657.0,52.0
The Bronx Institute of Technology for Law (Bldg 298),Bronx,X908,648.0,755.0,390.0,68.0
Humanities High School of Brooklyn - Campus 299,Brooklyn,K260,545.0,629.0,519.0,74.6
Law Institute of Technology of Bronx - Campus 300,Bronx,X147,661.0,460.0,590.0,62.6
Law High School of Brooklyn - Campus 301,Brooklyn,K848,444.0,649.0,523.0,92.6
The Bronx School for for Mathematics (Bldg 302),Bronx,X184,716.0,585.0,417.0,83.3
Technology Preparatory Academy of Manhattan - Campus 303,Manhattan,M511,505.0,482.0,634.0,87.3
Global Studies Collegiate of Manhattan - Campus 304,Manhattan,M862,716.0,691.0,622.0,70.6
Medicine School for of Queens - Campus 305,Queens,Q531,416.0,668.0,356.0,56.5
Law High School of Queens - Campus 306,Queens,Q153,414.0,581.0,515.0,64.0
Arts Preparatory Academy of Staten Island - Campus 307,Staten Island,R425,616.0,416.0,652.0,64.4
Technology High School of Bronx - Campus 308,Bronx,X071,677.0,653.0,461.0,66.5
The Manhattan Preparatory Academy for Mathematics (Bldg 309),Manhattan,M829,,535.0,606.0,69.4
Leadership Institute of Technology of Bronx - Campus 310,Bronx,X105,394.0,753.0,655.0,57.2
The Bronx High School for Technology (Bldg 311),Bronx,X092,486.0,673.0,470.0,75.7
The Bronx School for for Leadership (Bldg 312),Bronx,X422,581.0,508.0,452.0,78.2
The Manhattan Preparatory Academy for Science (Bldg 313),Manhattan,M107,674.0,652.0,434.0,79.6
The Queens Academy for Leadership (Bldg 314),Queens,Q819,773.0,476.0,549.0,78.5
The Bronx Collegiate for Humanities (Bldg 315),Bronx,X873,694.0,453.0,618.0,58.3
The Queens Collegiate for Technology (Bldg 316),Queens,Q196,406.0,,456.0,73.3
The Brooklyn Academy for Global Studies (Bldg 317),Brooklyn,K328,594.0,699.0,597.0,91.6
The Brooklyn High School for Technology (Bldg 318),Brooklyn,K451,656.0,505.0,519.0,70.1
The Staten Island High School for Humanities (Bldg 319),Staten Island,R331,459.0,633.0,606.0,72.2
Mathematics Preparatory Academy of Manhattan - Campus 320,Manhattan,M359,447.0,503.0,702.0,85.2
Mathematics School for of Bronx - Campus 321,Bronx,X042,476.0,367.0,412.0,57.1
Technology High School of Queens - Campus 322,Queens,Q140,633.0,409.0,586.0,56.5
Law High School of Manhattan - Campus 323,Manhattan,M156,569.0,714.0,,89.4
The Queens Collegiate for Arts (Bldg 324),Queens,Q945,728.0,718.0,488.0,77.5
The Bronx Preparatory Academy for Humanities (Bldg 325),Bronx,X786,459.0,364.0,446.0,55.8
The Staten Island Collegiate for Technology (Bldg 326),Staten Island,R389,376.0,468.0,675.0,
The Brooklyn Collegiate for Science (Bldg 327),Brooklyn,K267,615.0,706.0,525.0,43.7
The Manhattan Institute of Technology for Technology (Bldg 328),Manhattan,M740,479.0,519.0,428.0,
Mathematics Collegiate of Bronx - Campus 329,Bronx,X287,525.0,505.0,389.0,56.6
Global Studies Collegiate of Manhattan - Campus 330,Manhattan,M465,615.0,651.0,691.0,58.8
The Brooklyn School for for Mathematics (Bldg 331),Brooklyn,K814,380.0,736.0,728.0,71.5
Arts Collegiate of Staten Island - Campus 332,Staten Island,R709,372.0,758.0,654.0,50.0
Business Preparatory Academy of Staten Island - Campus 333,Staten Island,R175,722.0,537.0,477.0,97.7
Medicine Preparatory Academy of Manhattan - Campus 334,Manhattan,M769,399.0,552.0,452.0,79.2
The Queens High School for Medicine (Bldg 335),Queens,Q755,702.0,668.0,446.0,48.6
The Brooklyn School for for Science (Bldg 336),Brooklyn,K392,615.0,,357.0,64.8
Mathematics Preparatory Academy of Queens - Campus 337,Queens,Q718,737.0,570.0,689.0,77.0
The Queens Collegiate for Science (Bldg 338),Queens,Q482,547.0,,618.0,77.0
Technology Collegiate of Brooklyn - Campus 339,Brooklyn,K927,619.0,642.0,555.0,51.6
Arts Academy of Brooklyn - Campus 340,Brooklyn,K557,540.0,480.0,574.0,99.8
The Bronx Academy for Global Studies (Bldg 341),Bronx,X013,,391.0,684.0,70.1
Global Studies High School of Bronx - Campus 342,Bronx,X338,456.0,528.0,433.0,89.0
Science Collegiate of Brooklyn - Campus 343,Brooklyn,K407,564.0,414.0,,46.9
The Queens School for for Business (Bldg 344),Queens,Q949,509.0,361.0,567.0,94.7
The Manhattan Academy for Technology (Bldg 345),Manhattan,M174,637.0,709.0,743.0,79.1
The Brooklyn Collegiate for Science (Bldg 346),Brooklyn,K267,395.0,573.0,550.0,98.9
Medicine High School of Bronx - Campus 347,Bronx,X175,709.0,524.0,599.0,
Science High School of Bronx - Campus 348,Bronx,X570,578.0,369.0,541.0,62.9
Business Preparatory Academy of Queens - Campus 349,Queens,Q729,770.0,427.0,652.0,59.5
The Staten Island Preparatory Academy for Medicine (Bldg 350),Staten Island,R520,672.0,717.0,655.0,64.3
The Queens Academy for Science (Bldg 351),Queens,Q404,354.0,697.0,556.0,93.7
Technology Preparatory Academy of Bronx - Campus 352,Bronx,X078,571.0,490.0,709.0,66.3
Technology Academy of Manhattan - Campus 353,Manhattan,M633,587.0,607.0,449.0,81.7
Business Academy of Queens - Campus 354,Queens,Q418,499.0,686.0,562.0,71.4
The Brooklyn Academy for Arts (Bldg 355),Brooklyn,K521,378.0,470.0,586.0,84.9
The Staten Island Institute of Technology for Business (Bldg 356),Staten Island,R426,467.0,,608.0,77.5
The Bronx Institute of Technology for Business (Bldg 357),Bronx,X292,493.0,615.0,395.0,80.1
Law Collegiate of Queens - Campus 358,Queens,Q138,374.0,739.0,608.0,57.3
Global Studies School for of Staten Island - Campus 359,Staten Island,R979,394.0,754.0,486.0,63.7
The Manhattan Academy for Science (Bldg 360),Manhattan,M100,566.0,621.0,624.0,68.2
The Staten Island Academy for Science (Bldg 361),Staten Island,R421,395.0,414.0,431.0,81.2
The Staten Island High School for Technology (Bldg 362),Staten Island,R741,437.0,740.0,386.0,48.0
Mathematics High School of Manhattan - Campus 363,Manhattan,M803,539.0,749.0,616.0,93.5
Arts High School of Staten Island - Campus 364,Staten Island,R840,620.0,630.0,606.0,80.6
The Queens Collegiate for Mathematics (Bldg 365),Queens,Q222,498.0,437.0,616.0,99.1
Leadership Preparatory Academy of Staten Island - Campus 366,Staten Island,R718,762.0,667.0,616.0,42.1
The Bronx School for for Leadership (Bldg 367),Bronx,X275,471.0,649.0,413.0,58.6
Medicine High School of Staten Island - Campus 368,Staten Island,R334,673.0,562.0,356.0,
The Staten Island Collegiate for Leadership (Bldg 369),Staten Island,R211,456.0,723.0,446.0,57.5
The Staten Island School for for Medicine (Bldg 370),Staten Island,R610,739.0,418.0,452.0,
Business High School of Staten Island - Campus 371,Staten Island,R036,473.0,488.0,724.0,91.0
Humanities Preparatory Academy of Brooklyn - Campus 372,Brooklyn,K825,460.0,654.0,546.0,94.1
Humanities Institute of Technology of Manhattan - Campus 373,Manhattan,M871,661.0,710.0,630.0,92.9
The Brooklyn Collegiate for Business (Bldg 374),Brooklyn,K596,661.0,489.0,459.0,44.0
Global Studies Institute of Technology of Staten Island - Campus 375,Staten Island,R929,386.0,695.0,594.0,86.5
The Brooklyn Collegiate for Global Studies (Bldg 376),Brooklyn,K723,551.0,448.0,702.0,55.1
The Queens High School for Global Studies (Bldg 377),Queens,Q901,711.0,541.0,722.0,42.6
The Queens High School for Science (Bldg 378),Queens,Q680,742.0,520.0,655.0,46.9
The Bronx Preparatory Academy for Leadership (Bldg 379),Bronx,X413,519.0,598.0,481.0,55.8
Global Studies Collegiate of Manhattan - Campus 380,Manhattan,M898,759.0,427.0,641.0,80.6
The Staten Island Preparatory Academy for Science (Bldg 381),Staten Island,R404,644.0,613.0,582.0,74.3
Arts Collegiate of Manhattan - Campus 382,Manhattan,M068,506.0,,564.0,63.5
The Manhattan High School for Technology (Bldg 383),Manhattan,M731,538.0,507.0,407.0,80.4
The Bronx Academy for Global Studies (Bldg 384),Bronx,X867,746.0,668.0,433.0,59.7
The Brooklyn Preparatory Academy for Law (Bldg 385),Brooklyn,K441,459.0,438.0,727.0,42.6
Technology Institute of Technology of Manhattan - Campus 386,Manhattan,M728,564.0,622.0,612.0,83.1
The Bronx School for for Humanities (Bldg 387),Bronx,X124,747.0,679.0,739.0,81.0
Business Preparatory Academy of Queens - Campus 388,Queens,Q777,381.0,611.0,687.0,54.8
Leadership Institute of Technology of Bronx - Campus 389,Bronx,X620,410.0,721.0,463.0,43.2
Global Studies High School of Bronx - Campus 390,Bronx,X097,429.0,707.0,,
The Brooklyn Institute of Technology for Mathematics (Bldg 391),Brooklyn,K247,529.0,543.0,545.0,53.2
The Queens High School for Mathematics (Bldg 392),Queens,Q726,678.0,,378.0,40.3
The Queens Academy for Global Studies (Bldg 393),Queens,Q712,761.0,500.0,425.0,78.7
Technology Institute of Technology of Brooklyn - Campus 394,Brooklyn,K888,614.0,568.0,429.0,63.4
The Bronx High School for Business (Bldg 395),Bronx,X378,430.0,367.0,724.0,70.9
The Manhattan High School for Leadership (Bldg 396),Manhattan,M817,639.0,577.0,606.0,41.8
Arts Collegiate of Manhattan - Campus 397,Manhattan,M638,442.0,630.0,518.0,56.1
The Queens Collegiate for Business (Bldg 398),Queens,Q870,622.0,639.0,639.0,40.4
Business School for of Staten Island - Campus 399,Staten Island,R668,602.0,475.0,731.0,67.5
Science High School of Brooklyn - Campus 400,Brooklyn,K308,419.0,660.0,598.0,74.0
The Bronx Collegiate for Science (Bldg 401),Bronx,X487,765.0,711.0,526.0,74.8
Science Collegiate of Staten Island - Campus 402,Staten Island,R305,685.0,565.0,733.0,85.3
Science Preparatory Academy of Staten Island - Campus 403,Staten Island,R484,757.0,462.0,470.0,69.0
Technology Academy of Manhattan - Campus 404,Manhattan,M381,474.0,576.0,494.0,44.0
Law Collegiate of Staten Island - Campus 405,Staten Island,R477,660.0,407.0,727.0,77.2
Arts Academy of Staten Island - Campus 406,Staten Island,R520,637.0,569.0,690.0,55.3
Humanities High School of Manhattan - Campus 407,Manhattan,M954,425.0,693.0,541.0,47.3
Science Preparatory Academy of Manhattan - Campus 408,Manhattan,M741,731.0,681.0,561.0,47.9
Leadership High School of Manhattan - Campus 409,Manhattan,M472,506.0,697.0,565.0,75.1
The Bronx School for for Law (Bldg 410),Bronx,X868,360.0,517.0,538.0,78.2
Mathematics School for of Queens - Campus 411,Queens,Q662,472.0,725.0,668.0,63.2
The Brooklyn School for for Humanities (Bldg 412),Brooklyn,K090,399.0,571.0,662.0,68.6
The Staten Island School for for Leadership (Bldg 413),Staten Island,R215,508.0,674.0,666.0,74.5
The Bronx High School for Medicine (Bldg 414),Bronx,X664,534.0,613.0,674.0,96.0
Global Studies Academy of Brooklyn - Campus 415,Brooklyn,K123,463.0,727.0,522.0,46.8
The Staten Island Academy for Technology (Bldg 416),Staten Island,R079,724.0,583.0,644.0,71.7
The Staten Island Preparatory Academy for Mathematics (Bldg 417),Staten Island,R020,381.0,399.0,728.0,52.6
Humanities Academy of Staten Island - Campus 418,Staten Island,R036,636.0,495.0,655.0,61.6
The Staten Island School for for Law (Bldg 419),Staten Island,R216,575.0,365.0,369.0,57.6
Technology Institute of Technology of Staten Island - Campus 420,Staten Island,R692,544.0,693.0,541.0,90.2
Business Preparatory Academy of Staten Island - Campus 421,Staten Island,R584,478.0,747.0,656.0,80.5
Medicine Institute of Technology of Brooklyn - Campus 422,Brooklyn,K422,423.0,560.0,436.0,85.1
The Queens High School for Business (Bldg 423),Queens,Q206,720.0,402.0,625.0,72.4
Leadership Collegiate of Brooklyn - Campus 424,Brooklyn,K404,704.0,438.0,532.0,48.0
Arts School for of Manhattan - Campus 425,Manhattan,M443,592.0,389.0,669.0,94.4
Technology School for of Manhattan - Campus 426,Manhattan,M543,712.0,671.0,437.0,59.1
Law Institute of Technology of Manhattan - Campus 427,Manhattan,M539,735.0,434.0,745.0,61.8
The Manhattan Academy for Medicine (Bldg 428),Manhattan,M323,358.0,686.0,402.0,41.9
The Staten Island Institute of Technology for Medicine (Bldg 429),Staten Island,R040,427.0,542.0,461.0,85.3
The Queens Institute of Technology for Business (Bldg 430),Queens,Q785,,651.0,669.0,75.9
Law Institute of Technology of Queens - Campus 431,Queens,Q481,502.0,611.0,651.0,77.2
Medicine Collegiate of Queens - Campus 432,Queens,Q076,595.0,529.0,699.0,96.2
Medicine Institute of Technology of Brooklyn - Campus 433,Brooklyn,K949,591.0,498.0,719.0,40.5
The Bronx Preparatory Academy for Medicine (Bldg 434),Bronx,X637,,365.0,579.0,68.7
Humanities High School of Staten Island - Campus 435,Staten Island,R969,425.0,476.0,457.0,49.2
The Bronx School for for Science (Bldg 436),Bronx,X956,767.0,622.0,709.0,49.2
Law Collegiate of Bronx - Campus 437,Bronx,X951,523.0,497.0,584.0,55.6
Law Academy of Queens - Campus 438,Queens,Q847,614.0,715.0,605.0,82.1
Leadership Preparatory Academy of Bronx - Campus 439,Bronx,X081,442.0,594.0,574.0,62.5
Humanities Academy of Bronx - Campus 440,Bronx,X705,357.0,722.0,631.0,92.1
The Queens Institute of Technology for Science (Bldg 441),Queens,Q102,379.0,751.0,611.0,68.6
The Brooklyn Collegiate for Medicine (Bldg 442),Brooklyn,K128,467.0,710.0,586.0,48.1
The Bronx High School for Mathematics (Bldg 443),Bronx,X181,686.0,613.0,587.0,99.4
Global Studies High School of Brooklyn - Campus 444,Brooklyn,K150,647.0,,475.0,53.4
Science Preparatory Academy of Staten Island - Campus 445,Staten Island,R153,510.0,397.0,722.0,
The Queens School for for Leadership (Bldg 446),Queens,Q317,567.0,528.0,713.0,87.3
The Staten Island Collegiate for Arts (Bldg 447),Staten Island,R304,767.0,433.0,524.0,61.5
Global Studies Collegiate of Queens - Campus 448,Queens,Q323,430.0,623.0,350.0,40.7
Arts High School of Queens - Campus 449,Queens,Q335,758.0,568.0,701.0,44.1
The Staten Island Academy for Technology (Bldg 450),Staten Island,R557,676.0,606.0,528.0,83.7
Business Collegiate of Staten Island - Campus 451,Staten Island,R773,586.0,375.0,407.0,97.0
The Bronx Academy for Science (Bldg 452),Bronx,X477,592.0,598.0,480.0,47.9
Mathematics School for of Brooklyn - Campus 453,Brooklyn,K246,651.0,394.0,386.0,71.1
Medicine Collegiate of Staten Island - Campus 454,Staten Island,R663,473.0,753.0,,45.8
Technology Academy of Queens - Campus 455,Queens,Q911,654.0,594.0,532.0,
Mathematics Preparatory Academy of Staten Island - Campus 456,Staten Island,R680,416.0,,505.0,70.6
The Manhattan Preparatory Academy for Arts (Bldg 457),Manhattan,M792,460.0,445.0,637.0,88.7
Law School for of Staten Island - Campus 458,Staten Island,R714,618.0,699.0,417.0,92.2
The Bronx School for for Technology (Bldg 459),Bronx,X024,474.0,600.0,600.0,78.1
The Manhattan Academy for Mathematics (Bldg 460),Manhattan,M025,584.0,451.0,647.0,83.9
The Manhattan High School for Business (Bldg 461),Manhattan,M559,759.0,588.0,460.0,68.1
Mathematics School for of Queens - Campus 462,Queens,Q829,609.0,371.0,594.0,43.0
Leadership Institute of Technology of Manhattan - Campus 463,Manhattan,M943,734.0,532.0,471.0,50.3
The Staten Island Academy for Business (Bldg 464),Staten Island,R476,739.0,465.0,621.0,64.9
The Staten Island Collegiate for Arts (Bldg 465),Staten Island,R128,644.0,628.0,557.0,79.8
The Brooklyn School for for Humanities (Bldg 466),Brooklyn,K138,525.0,733.0,359.0,41.4
The Manhattan Collegiate for Mathematics (Bldg 467),Manhattan,M631,507.0,622.0,572.0,87.8
The Bronx Academy for Arts (Bldg 468),Bronx,X204,653.0,725.0,653.0,75.5
The Staten Island Preparatory Academy for Medicine (Bldg 469),Staten Island,R171,740.0,618.0,726.0,71.9
The Staten Island Collegiate for Business (Bldg 470),Staten Island,R973,705.0,426.0,730.0,73.0
The Bronx Academy for Humanities (Bldg 471),Bronx,X756,634.0,504.0,582.0,49.5
Technology Academy of Bronx - Campus 472,Bronx,X889,706.0,386.0,742.0,81.0
Leadership Academy of Manhattan - Campus 473,Manhattan,M809,681.0,379.0,419.0,63.2
The Manhattan Academy for Leadership (Bldg 474),Manhattan,M605,438.0,393.0,367.0,90.2
The Staten Island Institute of Technology for Technology (Bldg 475),Staten Island,R653,556.0,621.0,434.0,91.2
The Queens Institute of Technology for Mathematics (Bldg 476),Queens,Q432,434.0,557.0,415.0,94.5
Law School for of Bronx - Campus 477,Bronx,X964,598.0,,749.0,67.1
Business Academy of Brooklyn - Campus 478,Brooklyn,K165,630.0,518.0,480.0,57.8
The Bronx School for for Arts (Bldg 479),Bronx,X991,671.0,760.0,654.0,69.5
Global Studies Institute of Technology of Queens - Campus 480,Queens,Q020,695.0,607.0,750.0,86.8
The Brooklyn Preparatory Academy for Law (Bldg 481),Brooklyn,K414,686.0,646.0,602.0,40.5
Business High School of Staten Island - Campus 482,Staten Island,R824,467.0,661.0,646.0,85.2
Arts High School of Staten Island - Campus 483,Staten Island,R340,472.0,539.0,548.0,65.5
The Manhattan High School for Medicine (Bldg 484),Manhattan,M799,492.0,608.0,651.0,95.0
Science School for of Manhattan - Campus 485,Manhattan,M376,577.0,679.0,493.0,77.4
The Bronx Institute of Technology for Global Studies (Bldg 486),Bronx,X110,604.0,601.0,494.0,83.2
The Staten Island High School for Business (Bldg 487),Staten Island,R894,511.0,669.0,603.0,66.9
The Queens Institute of Technology for Mathematics (Bldg 488),Queens,Q291,451.0,679.0,394.0,57.2
Arts Academy of Queens - Campus 489,Queens,Q619,407.0,452.0,389.0,96.0
The Bronx Institute of Technology for Mathematics (Bldg 490),Bronx,X551,734.0,569.0,562.0,74.4
Humanities Institute of Technology of Queens - Campus 491,Queens,Q058,423.0,388.0,725.0,78.3
Global Studies High School of Brooklyn - Campus 492,Brooklyn,K605,731.0,456.0,721.0,44.9
Technology Preparatory Academy of Queens - Campus 493,Queens,Q267,448.0,505.0,502.0,41.9
Business School for of Manhattan - Campus 494,Manhattan,M380,478.0,760.0,698.0,51.5
The Brooklyn High School for Mathematics (Bldg 495),Brooklyn,K213,626.0,574.0,379.0,90.5
The Bronx Collegiate for Law (Bldg 496),Bronx,X044,730.0,723.0,587.0,80.6
The Bronx School for for Arts (Bldg 497),Bronx,X924,570.0,455.0,510.0,60.1
The Manhattan High School for Medicine (Bldg 498),Manhattan,M712,426.0,716.0,383.0,57.9
Humanities Academy of Brooklyn - Campus 499,Brooklyn,K520,517.0,507.0,514.0,65.9
The Manhattan Institute of Technology for Arts (Bldg 500),Manhattan,M197,409.0,684.0,369.0,73.3
The Queens Institute of Technology for Technology (Bldg 501),Queens,Q863,746.0,494.0,746.0,81.9
The Bronx Institute of Technology for Mathematics (Bldg 502),Bronx,X855,508.0,430.0,389.0,62.6
The Manhattan Collegiate for Law (Bldg 503),Manhattan,M380,575.0,443.0,361.0,79.0
Medicine School for of Staten Island - Campus 504,Staten Island,R600,559.0,474.0,594.0,54.5
The Bronx School for for Humanities (Bldg 505),Bronx,X048,352.0,435.0,521.0,57.2
The Queens School for for Business (Bldg 506),Queens,Q558,646.0,573.0,444.0,60.5
The Manhattan High School for Science (Bldg 507),Manhattan,M618,699.0,373.0,,46.4
The Manhattan Institute of Technology for Medicine (Bldg 508),Manhattan,M665,422.0,648.0,627.0,63.2
Law Institute of Technology of Brooklyn - Campus 509,Brooklyn,K722,561.0,711.0,738.0,57.1
The Brooklyn High School for Medicine (Bldg 510),Brooklyn,K969,717.0,448.0,725.0,69.8
The Bronx Academy for Law (Bldg 511),Bronx,X651,534.0,426.0,546.0,90.5
The Queens Collegiate for Business (Bldg 512),Queens,Q350,767.0,501.0,382.0,73.7
Global Studies Academy of Brooklyn - Campus 513,Brooklyn,K947,457.0,599.0,436.0,80.4
The Queens High School for Mathematics (Bldg 514),Queens,Q628,593.0,735.0,409.0,80.9
The Queens School for for Global Studies (Bldg 515),Queens,Q143,529.0,374.0,425.0,69.4
The Brooklyn Preparatory Academy for Humanities (Bldg 516),Brooklyn,K185,737.0,738.0,602.0,42.9
Science Institute of Technology of Staten Island - Campus 517,Staten Island,R818,623.0,596.0,588.0,63.0
The Staten Island Academy for Arts (Bldg 518),Staten Island,R860,545.0,722.0,466.0,
Mathematics Institute of Technology of Bronx - Campus 519,Bronx,X969,716.0,403.0,589.0,63.8
The Queens Collegiate for Technology (Bldg 520),Queens,Q217,721.0,,427.0,48.5
Technology Preparatory Academy of Staten Island - Campus 521,Staten Island,R233,421.0,,660.0,
Humanities Academy of Manhattan - Campus 522,Manhattan,M787,413.0,757.0,407.0,91.2
The Brooklyn Collegiate for Global Studies (Bldg 523),Brooklyn,K182,748.0,374.0,620.0,98.8
The Bronx Institute of Technology for Leadership (Bldg 524),Bronx,X599,480.0,650.0,731.0,91.4
The Queens High School for Leadership (Bldg 525),Queens,Q319,567.0,472.0,534.0,43.1
The Brooklyn Collegiate for Law (Bldg 526),Brooklyn,K974,559.0,625.0,705.0,45.7
Arts Preparatory Academy of Queens - Campus 527,Queens,Q062,580.0,538.0,543.0,89.9
The Queens Academy for Technology (Bldg 528),Queens,Q784,366.0,673.0,709.0,48.3
The Bronx Collegiate for Arts (Bldg 529),Bronx,X283,565.0,439.0,,90.6
The Manhattan School for for Mathematics (Bldg 530),Manhattan,M374,702.0,717.0,478.0,98.0
Leadership Preparatory Academy of Bronx - Campus 531,Bronx,X062,545.0,504.0,739.0,58.9
The Manhattan Preparatory Academy for Technology (Bldg 532),Manhattan,M779,642.0,685.0,460.0,89.5
Global Studies Institute of Technology of Bronx - Campus 533,Bronx,X521,657.0,660.0,361.0,81.5
Humanities Academy of Brooklyn - Campus 534,Brooklyn,K437,439.0,632.0,415.0,84.7
Science High School of Staten Island - Campus 535,Staten Island,R156,760.0,,460.0,66.0
Humanities Academy of Manhattan - Campus 536,Manhattan,M335,580.0,609.0,564.0,75.5
Medicine High School of Brooklyn - Campus 537,Brooklyn,K811,742.0,495.0,392.0,
The Queens Institute of Technology for Mathematics (Bldg 538),Queens,Q071,665.0,535.0,441.0,41.6
The Brooklyn Academy for Business (Bldg 539),Brooklyn,K331,360.0,517.0,731.0,66.1
Technology Academy of Queens - Campus 540,Queens,Q866,351.0,687.0,609.0,72.4
The Brooklyn Collegiate for Medicine (Bldg 541),Brooklyn,K535,737.0,551.0,591.0,65.5
The Manhattan Academy for Business (Bldg 542),Manhattan,M713,673.0,510.0,555.0,40.2
Leadership Preparatory Academy of Staten Island - Campus 543,Staten Island,R303,,745.0,442.0,74.5
The Manhattan Preparatory Academy for Technology (Bldg 544),Manhattan,M593,533.0,519.0,607.0,60.0
Humanities Institute of Technology of Manhattan - Campus 545,Manhattan,M966,630.0,622.0,350.0,61.7
The Queens Preparatory Academy for Science (Bldg 546),Queens,Q554,663.0,675.0,687.0,98.7
Global Studies Preparatory Academy of Staten Island - Campus 547,Staten Island,R317,653.0,742.0,435.0,85.0
Humanities Preparatory Academy of Brooklyn - Campus 548,Brooklyn,K230,584.0,530.0,522.0,79.1
Medicine Institute of Technology of Manhattan - Campus 549,Manhattan,M784,775.0,505.0,629.0,66.6
The Staten Island Collegiate for Humanities (Bldg 550),Staten Island,R444,512.0,422.0,376.0,85.8
The Brooklyn Institute of Technology for Science (Bldg 551),Brooklyn,K856,555.0,635.0,699.0,68.9
Law School for of Queens - Campus 552,Queens,Q711,619.0,411.0,722.0,70.4
The Staten Island Collegiate for Humanities (Bldg 553),Staten Island,R846,761.0,752.0,594.0,56.0
Arts High School of Queens - Campus 554,Queens,Q675,734.0,608.0,,46.8
The Brooklyn Academy for Medicine (Bldg 555),Brooklyn,K818,394.0,679.0,575.0,47.8
The Queens School for for Business (Bldg 556),Queens,Q383,690.0,397.0,699.0,64.0
The Queens Institute of Technology for Business (Bldg 557),Queens,Q188,512.0,672.0,629.0,66.0
The Queens Institute of Technology for Medicine (Bldg 558),Queens,Q445,639.0,635.0,455.0,83.1
Mathematics Collegiate of Bronx - Campus 559,Bronx,X463,588.0,672.0,410.0,79.4
Mathematics School for of Bronx - Campus 560,Bronx,X235,719.0,487.0,679.0,
The Staten Island High School for Arts (Bldg 561),Staten Island,R636,716.0,405.0,695.0,74.2
Leadership High School of Brooklyn - Campus 562,Brooklyn,K031,,589.0,,97.6
The Brooklyn Preparatory Academy for Leadership (Bldg 563),Brooklyn,K755,680.0,715.0,545.0,77.9
Leadership High School of Brooklyn - Campus 564,Brooklyn,K565,735.0,729.0,555.0,68.2
Medicine High School of Staten Island - Campus 565,Staten Island,R424,,502.0,716.0,50.3
The Bronx High School for Arts (Bldg 566),Bronx,X352,433.0,603.0,588.0,70.5
Humanities Collegiate of Staten Island - Campus 567,Staten Island,R867,579.0,567.0,488.0,70.6
Medicine Academy of Brooklyn - Campus 568,Brooklyn,K483,431.0,,526.0,54.6
Arts Collegiate of Manhattan - Campus 569,Manhattan,M494,736.0,414.0,600.0,76.0
The Queens Institute of Technology for Science (Bldg 570),Queens,Q836,,459.0,714.0,73.7
Technology School for of Brooklyn - Campus 571,Brooklyn,K280,749.0,709.0,684.0,46.0
Medicine Academy of Brooklyn - Campus 572,Brooklyn,K198,416.0,486.0,595.0,74.8
Arts Academy of Brooklyn - Campus 573,Brooklyn,K039,387.0,620.0,537.0,81.5
Arts Academy of Bronx - Campus 574,Bronx,X843,422.0,504.0,524.0,83.1
The Staten Island Preparatory Academy for Medicine (Bldg 575),Staten Island,R746,445.0,690.0,606.0,71.0
The Staten Island Institute of Technology for Leadership (Bldg 576),Staten Island,R731,373.0,682.0,445.0,50.7
The Staten Island Preparatory Academy for Humanities (Bldg 577),Staten Island,R719,497.0,397.0,641.0,51.6
The Bronx Preparatory Academy for Humanities (Bldg 578),Bronx,X764,560.0,572.0,434.0,94.8
The Staten Island School for for Humanities (Bldg 579),Staten Island,R866,699.0,405.0,623.0,52.8
Leadership Institute of Technology of Queens - Campus 580,Queens,Q464,715.0,430.0,688.0,92.2
The Bronx Preparatory Academy for Science (Bldg 581),Bronx,X722,401.0,575.0,538.0,60.6
Arts High School of Brooklyn - Campus 582,Brooklyn,K044,670.0,466.0,732.0,90.0
Mathematics High School of Staten Island - Campus 583,Staten Island,R500,559.0,673.0,678.0,46.1
Mathematics Preparatory Academy of Staten Island - Campus 584,Staten Island,R091,510.0,503.0,577.0,53.7
The Brooklyn Academy for Business (Bldg 585),Brooklyn,K553,576.0,605.0,,71.3
The Brooklyn Preparatory Academy for Medicine (Bldg 586),Brooklyn,K277,408.0,742.0,750.0,99.8
The Manhattan Collegiate for Mathematics (Bldg 587),Manhattan,M499,495.0,,536.0,92.7
Arts School for of Bronx - Campus 588,Bronx,X201,385.0,638.0,585.0,74.6
Medicine Collegiate of Staten Island - Campus 589,Staten Island,R169,723.0,375.0,378.0,66.9
The Manhattan Institute of Technology for Science (Bldg 590),Manhattan,M721,646.0,388.0,707.0,44.9
Science Institute of Technology of Manhattan - Campus 591,Manhattan,M262,770.0,697.0,443.0,51.6
Arts Institute of Technology of Queens - Campus 592,Queens,Q956,499.0,673.0,580.0,70.6
The Brooklyn Academy for Leadership (Bldg 593),Brooklyn,K804,499.0,442.0,420.0,97.0
Arts Institute of Technology of Manhattan - Campus 594,Manhattan,M620,728.0,706.0,477.0,43.0
Law Academy of Brooklyn - Campus 595,Brooklyn,K847,759.0,407.0,705.0,70.8
The Bronx Institute of Technology for Mathematics (Bldg 596),Bronx,X518,680.0,381.0,363.0,42.3
Global Studies High School of Brooklyn - Campus 597,Brooklyn,K232,625.0,609.0,392.0,57.9
Humanities Preparatory Academy of Queens - Campus 598,Queens,Q062,521.0,700.0,383.0,98.0
The Bronx Preparatory Academy for Business (Bldg 599),Bronx,X065,418.0,528.0,526.0,81.6
Arts School for of Queens - Campus 600,Queens,Q848,733.0,521.0,606.0,98.5
Medicine Collegiate of Queens - Campus 601,Queens,Q319,461.0,687.0,505.0,51.7
Mathematics Collegiate of Manhattan - Campus 602,Manhattan,M502,613.0,,549.0,
The Queens Collegiate for Global Studies (Bldg 603),Queens,Q036,739.0,663.0,473.0,72.9
Science Preparatory Academy of Brooklyn - Campus 604,Brooklyn,K953,574.0,484.0,526.0,97.3
The Bronx Collegiate for Humanities (Bldg 605),Bronx,X033,508.0,387.0,644.0,42.4
Technology Institute of Technology of Brooklyn - Campus 606,Brooklyn,K255,397.0,642.0,596.0,42.6
Business Academy of Staten Island - Campus 607,Staten Island,R664,552.0,737.0,590.0,85.2
Science Academy of Manhattan - Campus 608,Manhattan,M515,367.0,668.0,686.0,80.4
Law School for of Bronx - Campus 609,Bronx,X491,706.0,547.0,749.0,65.0
Science High School of Brooklyn - Campus 610,Brooklyn,K054,618.0,542.0,712.0,
The Brooklyn Preparatory Academy for Medicine (Bldg 611),Brooklyn,K298,468.0,409.0,483.0,51.6
Leadership School for of Queens - Campus 612,Queens,Q878,768.0,641.0,608.0,
The Brooklyn Academy for Science (Bldg 613),Brooklyn,K727,746.0,628.0,620.0,79.1
Leadership School for of Queens - Campus 614,Queens,Q918,559.0,520.0,727.0,88.2
The Manhattan School for for Arts (Bldg 615),Manhattan,M998,573.0,,370.0,76.6
The Staten Island High School for Humanities (Bldg 616),Staten Island,R721,353.0,540.0,651.0,59.3
The Manhattan Institute of Technology for Technology (Bldg 617),Manhattan,M315,582.0,476.0,432.0,82.0
The Manhattan High School for Medicine (Bldg 618),Manhattan,M852,441.0,515.0,515.0,57.7
The Staten Island High School for Science (Bldg 619),Staten Island,R805,658.0,456.0,602.0,64.8
Law Preparatory Academy of Bronx - Campus 620,Bronx,X512,365.0,587.0,406.0,42.9
The Queens High School for Humanities (Bldg 621),Queens,Q892,770.0,597.0,484.0,63.6
Business High School of Manhattan - Campus 622,Manhattan,M058,746.0,738.0,558.0,63.3
Business High School of Queens - Campus 623,Queens,Q545,546.0,685.0,657.0,55.9
The Bronx High School for Leadership (Bldg 624),Bronx,X333,574.0,523.0,526.0,91.7
The Queens Preparatory Academy for Technology (Bldg 625),Queens,Q301,416.0,554.0,539.0,
Humanities Academy of Brooklyn - Campus 626,Brooklyn,K228,632.0,583.0,362.0,63.7
Science Preparatory Academy of Staten Island - Campus 627,Staten Island,R307,645.0,665.0,641.0,72.3
Science Institute of Technology of Manhattan - Campus 628,Manhattan,M347,,,,64.6
The Brooklyn Collegiate for Humanities (Bldg 629),Brooklyn,K561,587.0,686.0,393.0,91.3
Science High School of Staten Island - Campus 630,Staten Island,R839,397.0,483.0,382.0,72.9
Science School for of Manhattan - Campus 631,Manhattan,M106,456.0,675.0,640.0,73.6
The Staten Island Academy for Arts (Bldg 632),Staten Island,R534,710.0,509.0,671.0,86.1
Arts Preparatory Academy of Bronx - Campus 633,Bronx,X820,576.0,461.0,697.0,74.9
The Queens Preparatory Academy for Medicine (Bldg 634),Queens,Q726,463.0,679.0,442.0,49.2
Law School for of Manhattan - Campus 635,Manhattan,M896,721.0,735.0,574.0,90.2
Medicine Academy of Manhattan - Campus 636,Manhattan,M055,738.0,379.0,728.0,98.5
The Manhattan High School for Mathematics (Bldg 637),Manhattan,M122,582.0,529.0,,87.3
The Bronx Academy for Leadership (Bldg 638),Bronx,X522,371.0,396.0,650.0,76.0
The Brooklyn Collegiate for Medicine (Bldg 639),Brooklyn,K293,654.0,741.0,554.0,62.5
Business Institute of Technology of Brooklyn - Campus 640,Brooklyn,K899,523.0,577.0,666.0,48.2
The Queens Collegiate for Science (Bldg 641),Queens,Q984,653.0,657.0,621.0,61.7
The Staten Island Academy for Science (Bldg 642),Staten Island,R207,,752.0,645.0,75.2
The Brooklyn Collegiate for Humanities (Bldg 643),Brooklyn,K603,523.0,552.0,527.0,
The Queens Institute of Technology for Humanities (Bldg 644),Queens,Q120,486.0,702.0,683.0,76.3
Business Institute of Technology of Manhattan - Campus 645,Manhattan,M652,762.0,536.0,693.0,82.0
The Staten Island Academy for Medicine (Bldg 646),Staten Island,R198,594.0,497.0,,40.8
Mathematics Collegiate of Manhattan - Campus 647,Manhattan,M524,486.0,648.0,680.0,68.0
The Manhattan High School for Technology (Bldg 648),Manhattan,M972,663.0,666.0,447.0,58.4
The Manhattan Academy for Arts (Bldg 649),Manhattan,M862,508.0,701.0,689.0,43.5
The Manhattan Academy for Arts (Bldg 650),Manhattan,M725,454.0,614.0,412.0,55.1
Humanities Preparatory Academy of Queens - Campus 651,Queens,Q908,357.0,759.0,734.0,
The Bronx School for for Medicine (Bldg 652),Bronx,X054,433.0,455.0,581.0,84.9
The Manhattan Collegiate for Mathematics (Bldg 653),Manhattan,M088,525.0,473.0,685.0,63.8
Technology School for of Brooklyn - Campus 654,Brooklyn,K516,494.0,392.0,741.0,98.4
Law High School of Bronx - Campus 655,Bronx,X407,429.0,375.0,427.0,57.4
Global Studies High School of Bronx - Campus 656,Bronx,X631,,512.0,443.0,40.8
The Brooklyn Collegiate for Leadership (Bldg 657),Brooklyn,K029,712.0,755.0,410.0,58.2
Leadership Institute of Technology of Brooklyn - Campus 658,Brooklyn,K462,439.0,725.0,,75.2
The Bronx Collegiate for Mathematics (Bldg 659),Bronx,X786,775.0,646.0,430.0,87.4
The Bronx Preparatory Academy for Mathematics (Bldg 660),Bronx,X943,521.0,475.0,599.0,78.2
Technology Institute of Technology of Staten Island - Campus 661,Staten Island,R348,513.0,527.0,650.0,82.9
Global Studies Collegiate of Manhattan - Campus 662,Manhattan,M952,660.0,389.0,638.0,59.6
The Brooklyn Preparatory Academy for Leadership (Bldg 663),Brooklyn,K815,588.0,405.0,676.0,90.6
Mathematics School for of Bronx - Campus 664,Bronx,X893,358.0,448.0,702.0,
The Manhattan High School for Business (Bldg 665),Manhattan,M920,455.0,392.0,551.0,90.9
The Bronx High School for Arts (Bldg 666),Bronx,X991,,630.0,440.0,72.9
The Bronx School for for Global Studies (Bldg 667),Bronx,X448,506.0,391.0,498.0,54.8
The Staten Island Academy for Science (Bldg 668),Staten Island,R444,729.0,601.0,587.0,69.6
Science Collegiate of Manhattan - Campus 669,Manhattan,M405,608.0,622.0,499.0,74.8
The Staten Island Academy for Science (Bldg 670),Staten Island,R116,,515.0,372.0,95.6
The Staten Island Collegiate for Mathematics (Bldg 671),Staten Island,R472,399.0,456.0,504.0,83.5
The Manhattan Institute of Technology for Business (Bldg 672),Manhattan,M251,455.0,709.0,638.0,97.8
The Bronx Preparatory Academy for Global Studies (Bldg 673),Bronx,X360,619.0,553.0,412.0,44.6
The Staten Island Preparatory Academy for Technology (Bldg 674),Staten Island,R239,384.0,605.0,422.0,47.7
Technology Collegiate of Brooklyn - Campus 675,Brooklyn,K464,473.0,695.0,500.0,41.2
The Manhattan Preparatory Academy for Medicine (Bldg 676),Manhattan,M268,521.0,409.0,368.0,48.1
The Manhattan School for for Technology (Bldg 677),Manhattan,M017,476.0,530.0,720.0,56.9
Leadership School for of Brooklyn - Campus 678,Brooklyn,K484,416.0,636.0,568.0,44.3
Medicine High School of Manhattan - Campus 679,Manhattan,M588,383.0,613.0,509.0,68.4
The Queens Institute of Technology for Leadership (Bldg 680),Queens,Q462,,609.0,575.0,79.8
Mathematics Collegiate of Bronx - Campus 681,Bronx,X239,,518.0,425.0,94.2
Technology Collegiate of Bronx - Campus 682,Bronx,X996,699.0,733.0,590.0,87.2
The Staten Island Institute of Technology for Leadership (Bldg 683),Staten Island,R091,483.0,715.0,596.0,58.8
Law Preparatory Academy of Brooklyn - Campus 684,Brooklyn,K363,435.0,524.0,353.0,56.3
The Brooklyn Preparatory Academy for Medicine (Bldg 685),Brooklyn,K366,419.0,756.0,378.0,56.9
Law Preparatory Academy of Brooklyn - Campus 686,Brooklyn,K689,603.0,407.0,666.0,65.1
Mathematics Preparatory Academy of Staten Island - Campus 687,Staten Island,R129,640.0,677.0,655.0,90.0
Global Studies High School of Bronx - Campus 688,Bronx,X043,738.0,714.0,634.0,65.7
The Queens Institute of Technology for Business (Bldg 689),Queens,Q757,415.0,618.0,714.0,53.7
Humanities Preparatory Academy of Manhattan - Campus 690,Manhattan,M323,486.0,381.0,555.0,
The Brooklyn School for for Law (Bldg 691),Brooklyn,K469,558.0,503.0,711.0,
The Brooklyn Preparatory Academy for Global Studies (Bldg 692),Brooklyn,K745,514.0,572.0,650.0,97.4
Mathematics School for of Queens - Campus 693,Queens,Q715,584.0,665.0,466.0,64.8
The Manhattan Preparatory Academy for Business (Bldg 694),Manhattan,M725,744.0,360.0,625.0,57.3
Law School for of Staten Island - Campus 695,Staten Island,R581,473.0,521.0,473.0,92.6
Science School for of Queens - Campus 696,Queens,Q617,650.0,509.0,378.0,67.3
Arts School for of Bronx - Campus 697,Bronx,X121,541.0,376.0,660.0,76.7
Global Studies Preparatory Academy of Queens - Campus 698,Queens,Q414,640.0,599.0,458.0,78.1
The Brooklyn Preparatory Academy for Leadership (Bldg 699),Brooklyn,K228,776.0,560.0,537.0,90.1
The Manhattan High School for Global Studies (Bldg 700),Manhattan,M187,,412.0,733.0,67.1
The Queens Institute of Technology for Science (Bldg 701),Queens,Q916,494.0,755.0,544.0,44.3
The Bronx Preparatory Academy for Law (Bldg 702),Bronx,X985,534.0,636.0,371.0,89.7
Science Preparatory Academy of Bronx - Campus 703,Bronx,X362,716.0,512.0,651.0,87.2
Mathematics High School of Brooklyn - Campus 704,Brooklyn,K274,421.0,612.0,411.0,52.0
Arts High School of Queens - Campus 705,Queens,Q994,454.0,594.0,426.0,47.3
The Bronx School for for Business (Bldg 706),Bronx,X700,743.0,464.0,656.0,64.3
Leadership School for of Queens - Campus 707,Queens,Q337,582.0,753.0,653.0,82.6
Science School for of Queens - Campus 708,Queens,Q773,454.0,421.0,427.0,42.3
Global Studies School for of Queens - Campus 709,Queens,Q738,726.0,694.0,415.0,
Medicine Institute of Technology of Bronx - Campus 710,Bronx,X472,,635.0,550.0,45.2
The Brooklyn Preparatory Academy for Law (Bldg 711),Brooklyn,K836,454.0,506.0,677.0,58.0
Medicine High School of Staten Island - Campus 712,Staten Island,R665,,573.0,714.0,83.3
Global Studies Preparatory Academy of Brooklyn - Campus 713,Brooklyn,K148,421.0,361.0,444.0,88.4
Technology Academy of Staten Island - Campus 714,Staten Island,R302,450.0,373.0,404.0,70.8
Technology Academy of Manhattan - Campus 715,Manhattan,M809,,565.0,577.0,40.6
Science Academy of Manhattan - Campus 716,Manhattan,M375,588.0,629.0,379.0,86.7
Mathematics Academy of Queens - Campus 717,Queens,Q026,450.0,634.0,625.0,71.7
The Queens Preparatory Academy for Humanities (Bldg 718),Queens,Q549,378.0,594.0,724.0,72.2
Business Academy of Bronx - Campus 719,Bronx,X699,741.0,469.0,406.0,86.9
Medicine Collegiate of Staten Island - Campus 720,Staten Island,R751,754.0,502.0,672.0,46.3
The Bronx High School for Humanities (Bldg 721),Bronx,X880,630.0,443.0,660.0,84.7
Technology School for of Queens - Campus 722,Queens,Q672,632.0,608.0,701.0,57.6
The Manhattan Collegiate for Technology (Bldg 723),Manhattan,M491,613.0,639.0,396.0,79.6
The Brooklyn Academy for Science (Bldg 724),Brooklyn,K540,527.0,369.0,726.0,55.6
The Staten Island Preparatory Academy for Global Studies (Bldg 725),Staten Island,R273,539.0,370.0,472.0,98.8
Medicine School for of Staten Island - Campus 726,Staten Island,R110,622.0,,682.0,69.6
Business Institute of Technology of Brooklyn - Campus 727,Brooklyn,K808,741.0,458.0,456.0,62.6
Arts School for of Staten Island - Campus 728,Staten Island,R555,481.0,440.0,355.0,80.4
The Bronx High School for Leadership (Bldg 729),Bronx,X862,656.0,693.0,733.0,41.6
The Bronx High School for Leadership (Bldg 730),Bronx,X827,461.0,558.0,388.0,56.5
The Staten Island High School for Mathematics (Bldg 731),Staten Island,R460,353.0,593.0,360.0,53.0
The Bronx Academy for Medicine (Bldg 732),Bronx,X889,657.0,467.0,,73.0
Global Studies High School of Manhattan - Campus 733,Manhattan,M565,398.0,665.0,743.0,87.9
Medicine Institute of Technology of Brooklyn - Campus 734,Brooklyn,K755,602.0,448.0,466.0,71.4
The Staten Island Academy for Humanities (Bldg 735),Staten Island,R137,498.0,710.0,676.0,71.3
The Bronx Academy for Humanities (Bldg 736),Bronx,X938,656.0,576.0,708.0,
The Brooklyn Institute of Technology for Global Studies (Bldg 737),Brooklyn,K922,570.0,659.0,411.0,60.8
The Brooklyn Institute of Technology for Medicine (Bldg 738),Brooklyn,K651,362.0,526.0,575.0,82.7
The Queens School for for Medicine (Bldg 739),Queens,Q227,768.0,383.0,618.0,
Medicine Preparatory Academy of Bronx - Campus 740,Bronx,X013,751.0,566.0,,59.6
The Queens Preparatory Academy for Mathematics (Bldg 741),Queens,Q651,733.0,731.0,359.0,54.2
The Bronx School for for Medicine (Bldg 742),Bronx,X258,446.0,532.0,695.0,46.8
The Bronx Academy for Business (Bldg 743),Bronx,X290,643.0,756.0,626.0,79.1
The Manhattan High School for Humanities (Bldg 744),Manhattan,M485,411.0,515.0,673.0,59.3
Science School for of Staten Island - Campus 745,Staten Island,R125,423.0,383.0,545.0,
The Manhattan High School for Business (Bldg 746),Manhattan,M994,372.0,571.0,543.0,76.1
Science School for of Brooklyn - Campus 747,Brooklyn,K610,576.0,,352.0,45.9
Technology High School of Queens - Campus 748,Queens,Q421,445.0,538.0,391.0,89.5
Law High School of Queens - Campus 749,Queens,Q250,395.0,705.0,526.0,77.8
The Bronx Collegiate for Business (Bldg 750),Bronx,X449,355.0,695.0,357.0,84.6
Medicine School for of Manhattan - Campus 751,Manhattan,M533,401.0,754.0,578.0,
The Bronx Institute of Technology for Leadership (Bldg 752),Bronx,X048,350.0,470.0,456.0,60.1
Law Institute of Technology of Bronx - Campus 753,Bronx,X902,692.0,671.0,715.0,80.5
The Staten Island Collegiate for Science (Bldg 754),Staten Island,R545,709.0,439.0,556.0,88.1
The Manhattan Preparatory Academy for Science (Bldg 755),Manhattan,M164,438.0,495.0,391.0,79.6
Leadership Institute of Technology of Staten Island - Campus 756,Staten Island,R171,587.0,362.0,498.0,58.4
The Staten Island High School for Humanities (Bldg 757),Staten Island,R926,729.0,712.0,449.0,92.9
The Brooklyn School for for Humanities (Bldg 758),Brooklyn,K236,535.0,642.0,511.0,97.0
Mathematics Academy of Manhattan - Campus 759,Manhattan,M083,765.0,688.0,592.0,63.5
The Brooklyn Preparatory Academy for Law (Bldg 760),Brooklyn,K680,728.0,435.0,509.0,60.1
Global Studies High School of Manhattan - Campus 761,Manhattan,M865,488.0,550.0,568.0,76.6
Medicine Institute of Technology of Manhattan - Campus 762,Manhattan,M978,771.0,737.0,353.0,85.4
Business Preparatory Academy of Manhattan - Campus 763,Manhattan,M751,686.0,691.0,722.0,51.4
Technology Academy of Manhattan - Campus 764,Manhattan,M018,775.0,572.0,411.0,47.8
The Bronx Collegiate for Global Studies (Bldg 765),Bronx,X551,517.0,735.0,437.0,88.3
Business School for of Staten Island - Campus 766,Staten Island,R620,571.0,688.0,643.0,
The Queens Institute of Technology for Medicine (Bldg 767),Queens,Q817,611.0,553.0,730.0,71.7
Humanities Academy of Brooklyn - Campus 768,Brooklyn,K277,417.0,672.0,582.0,
Law Institute of Technology of Manhattan - Campus 769,Manhattan,M115,728.0,365.0,376.0,42.5
Arts Preparatory Academy of Queens - Campus 770,Queens,Q651,671.0,750.0,719.0,96.7
The Staten Island Preparatory Academy for Medicine (Bldg 771),Staten Island,R396,675.0,478.0,,88.3
The Queens Collegiate for Leadership (Bldg 772),Queens,Q809,535.0,570.0,,53.3
The Staten Island Institute of Technology for Leadership (Bldg 773),Staten Island,R964,565.0,592.0,713.0,94.1
Technology High School of Queens - Campus 774,Queens,Q134,720.0,428.0,674.0,41.0
The Manhattan Academy for Mathematics (Bldg 775),Manhattan,M972,,393.0,430.0,55.8
The Brooklyn School for for Science (Bldg 776),Brooklyn,K831,686.0,608.0,586.0,49.0
The Brooklyn Institute of Technology for Business (Bldg 777),Brooklyn,K763,544.0,502.0,546.0,72.6
The Staten Island High School for Global Studies (Bldg 778),Staten Island,R807,481.0,498.0,386.0,
Technology Institute of Technology of Brooklyn - Campus 779,Brooklyn,K503,639.0,,507.0,56.6
Mathematics Academy of Manhattan - Campus 780,Manhattan,M650,636.0,581.0,682.0,95.4
The Bronx Academy for Law (Bldg 781),Bronx,X964,618.0,672.0,522.0,81.2
Arts Collegiate of Queens - Campus 782,Queens,Q338,432.0,473.0,723.0,71.4
Humanities Collegiate of Queens - Campus 783,Queens,Q477,606.0,721.0,540.0,62.3
Law Academy of Brooklyn - Campus 784,Brooklyn,K258,450.0,368.0,374.0,90.8
The Queens Institute of Technology for Technology (Bldg 785),Queens,Q266,665.0,624.0,,71.7
Technology High School of Manhattan - Campus 786,Manhattan,M184,780.0,480.0,546.0,57.4
The Brooklyn Institute of Technology for Technology (Bldg 787),Brooklyn,K686,563.0,686.0,367.0,56.0
Leadership High School of Manhattan - Campus 788,Manhattan,M026,444.0,453.0,723.0,75.8
Science Preparatory Academy of Staten Island - Campus 789,Staten Island,R400,778.0,642.0,687.0,86.8
Arts Collegiate of Queens - Campus 790,Queens,Q372,374.0,467.0,446.0,89.5
The Staten Island Institute of Technology for Humanities (Bldg 791),Staten Island,R424,560.0,442.0,454.0,61.6
Mathematics Institute of Technology of Brooklyn - Campus 792,Brooklyn,K259,636.0,490.0,669.0,82.5
Science Institute of Technology of Queens - Campus 793,Queens,Q114,391.0,398.0,492.0,94.1
Leadership Academy of Manhattan - Campus 794,Manhattan,M039,771.0,721.0,,77.6
The Bronx School for for Humanities (Bldg 795),Bronx,X340,533.0,759.0,712.0,51.1
The Staten Island Collegiate for Law (Bldg 796),Staten Island,R150,574.0,677.0,454.0,82.2
Humanities School for of Manhattan - Campus 797,Manhattan,M496,445.0,708.0,438.0,98.2
The Bronx High School for Law (Bldg 798),Bronx,X683,511.0,664.0,656.0,71.5
Mathematics Academy of Staten Island - Campus 799,Staten Island,R760,575.0,574.0,355.0,47.5
Global Studies School for of Manhattan - Campus 800,Manhattan,M409,772.0,369.0,388.0,89.2
The Queens Collegiate for Mathematics (Bldg 801),Queens,Q582,666.0,710.0,469.0,68.9
Law School for of Queens - Campus 802,Queens,Q689,716.0,688.0,448.0,93.5
Leadership Academy of Brooklyn - Campus 803,Brooklyn,K977,351.0,472.0,598.0,78.3
The Staten Island School for for Leadership (Bldg 804),Staten Island,R977,726.0,375.0,605.0,92.9
Mathematics Institute of Technology of Manhattan - Campus 805,Manhattan,M601,578.0,365.0,686.0,
Science Institute of Technology of Bronx - Campus 806,Bronx,X745,,373.0,448.0,76.6
The Manhattan High School for Science (Bldg 807),Manhattan,M733,426.0,660.0,738.0,50.7
Mathematics Preparatory Academy of Brooklyn - Campus 808,Brooklyn,K356,572.0,383.0,670.0,93.6
The Brooklyn School for for Technology (Bldg 809),Brooklyn,K265,383.0,385.0,687.0,50.0
The Manhattan High School for Mathematics (Bldg 810),Manhattan,M561,725.0,621.0,542.0,87.7
Business Preparatory Academy of Staten Island - Campus 811,Staten Island,R627,393.0,424.0,740.0,84.8
The Queens School for for Law (Bldg 812),Queens,Q234,694.0,471.0,692.0,44.3
Mathematics Collegiate of Manhattan - Campus 813,Manhattan,M830,405.0,626.0,496.0,79.6
Technology Collegiate of Bronx - Campus 814,Bronx,X909,611.0,564.0,695.0,78.3
Mathematics School for of Queens - Campus 815,Queens,Q347,518.0,653.0,606.0,52.1
The Queens School for for Technology (Bldg 816),Queens,Q424,392.0,613.0,453.0,94.0
Law School for of Staten Island - Campus 817,Staten Island,R654,758.0,720.0,579.0,49.0
The Brooklyn High School for Humanities (Bldg 818),Brooklyn,K573,374.0,511.0,704.0,62.5
Global Studies High School of Bronx - Campus 819,Bronx,X450,642.0,604.0,598.0,45.5
The Manhattan Institute of Technology for Technology (Bldg 820),Manhattan,M528,576.0,566.0,397.0,70.7
The Brooklyn School for for Leadership (Bldg 821),Brooklyn,K839,595.0,543.0,485.0,90.1
The Staten Island Preparatory Academy for Humanities (Bldg 822),Staten Island,R615,438.0,613.0,386.0,69.8
Mathematics School for of Brooklyn - Campus 823,Brooklyn,K836,628.0,711.0,547.0,88.4
Leadership School for of Queens - Campus 824,Queens,Q811,569.0,547.0,376.0,94.2
Business Collegiate of Bronx - Campus 825,Bronx,X244,507.0,666.0,662.0,82.7
The Manhattan High School for Science (Bldg 826),Manhattan,M479,569.0,380.0,670.0,78.3
Business High School of Manhattan - Campus 827,Manhattan,M373,508.0,661.0,386.0,83.4
Leadership School for of Brooklyn - Campus 828,Brooklyn,K704,729.0,573.0,637.0,89.2
Global Studies Institute of Technology of Staten Island - Campus 829,Staten Island,R877,690.0,493.0,713.0,43.5
The Brooklyn Academy for Law (Bldg 830),Brooklyn,K972,484.0,634.0,600.0,44.1
The Bronx Collegiate for Global Studies (Bldg 831),Bronx,X180,702.0,607.0,665.0,77.4
Global Studies Academy of Queens - Campus 832,Queens,Q784,698.0,516.0,494.0,98.9
Humanities High School of Bronx - Campus 833,Bronx,X905,435.0,677.0,489.0,
Medicine High School of Manhattan - Campus 834,Manhattan,M884,392.0,418.0,650.0,55.1
Arts Institute of Technology of Brooklyn - Campus 835,Brooklyn,K134,652.0,502.0,410.0,85.5
Global Studies Academy of Bronx - Campus 836,Bronx,X878,381.0,409.0,408.0,47.8
The Queens Collegiate for Business (Bldg 837),Queens,Q178,611.0,712.0,704.0,75.0
Arts Academy of Bronx - Campus 838,Bronx,X907,691.0,430.0,663.0,75.1
The Manhattan School for for Technology (Bldg 839),Manhattan,M611,680.0,694.0,469.0,46.5
The Bronx Institute of Technology for Medicine (Bldg 840),Bronx,X622,387.0,701.0,438.0,83.6
The Bronx Institute of Technology for Law (Bldg 841),Bronx,X219,691.0,585.0,527.0,87.3
Arts Institute of Technology of Queens - Campus 842,Queens,Q705,461.0,504.0,,43.8
Medicine High School of Queens - Campus 843,Queens,Q484,360.0,446.0,543.0,76.9
The Staten Island School for for Leadership (Bldg 844),Staten Island,R291,501.0,409.0,550.0,52.1
The Staten Island School for for Technology (Bldg 845),Staten Island,R299,650.0,646.0,730.0,77.0
The Staten Island Collegiate for Leadership (Bldg 846),Staten Island,R149,586.0,485.0,425.0,57.8
The Queens Academy for Leadership (Bldg 847),Queens,Q891,,563.0,495.0,90.3
Science School for of Brooklyn - Campus 848,Brooklyn,K341,664.0,571.0,609.0,84.4
The Staten Island Academy for Business (Bldg 849),Staten Island,R032,664.0,542.0,537.0,47.5
The Brooklyn Institute of Technology for Business (Bldg 850),Brooklyn,K562,479.0,605.0,399.0,85.5
The Brooklyn Institute of Technology for Arts (Bldg 851),Brooklyn,K316,415.0,580.0,664.0,53.3
The Brooklyn Academy for Mathematics (Bldg 852),Brooklyn,K957,767.0,546.0,394.0,97.8
The Staten Island Preparatory Academy for Humanities (Bldg 853),Staten Island,R710,740.0,602.0,395.0,47.1
Humanities Institute of Technology of Staten Island - Campus 854,Staten Island,R540,404.0,447.0,527.0,54.5
The Staten Island School for for Arts (Bldg 855),Staten Island,R286,409.0,479.0,586.0,
Arts Institute of Technology of Staten Island - Campus 856,Staten Island,R957,490.0,366.0,678.0,69.4
The Brooklyn High School for Business (Bldg 857),Brooklyn,K439,563.0,474.0,609.0,94.9
The Manhattan Institute of Technology for Humanities (Bldg 858),Manhattan,M743,592.0,645.0,,64.6
The Bronx Academy for Arts (Bldg 859),Bronx,X097,547.0,414.0,375.0,99.1
Medicine Academy of Manhattan - Campus 860,Manhattan,M488,600.0,541.0,447.0,42.9
Law High School of Staten Island - Campus 861,Staten Island,R050,482.0,,,95.1
The Manhattan Institute of Technology for Law (Bldg 862),Manhattan,M842,398.0,699.0,587.0,55.8
The Queens School for for Law (Bldg 863),Queens,Q596,453.0,446.0,583.0,62.0
The Bronx Preparatory Academy for Arts (Bldg 864),Bronx,X051,423.0,439.0,550.0,66.7
Business School for of Brooklyn - Campus 865,Brooklyn,K287,448.0,,366.0,80.9
The Staten Island Academy for Mathematics (Bldg 866),Staten Island,R206,524.0,725.0,411.0,50.4
The Staten Island School for for Business (Bldg 867),Staten Island,R370,626.0,686.0,650.0,94.9
Global Studies Academy of Manhattan - Campus 868,Manhattan,M633,508.0,599.0,650.0,64.6
Global Studies Academy of Brooklyn - Campus 869,Brooklyn,K232,516.0,442.0,620.0,47.7
The Queens Institute of Technology for Medicine (Bldg 870),Queens,Q302,507.0,496.0,651.0,42.2
The Brooklyn School for for Medicine (Bldg 871),Brooklyn,K082,415.0,497.0,593.0,58.0
Mathematics Collegiate of Staten Island - Campus 872,Staten Island,R576,765.0,401.0,473.0,56.0
Humanities School for of Bronx - Campus 873,Bronx,X475,,719.0,471.0,44.5
The Brooklyn Collegiate for Business (Bldg 874),Brooklyn,K404,763.0,755.0,748.0,57.5
Mathematics Institute of Technology of Bronx - Campus 875,Bronx,X509,706.0,748.0,575.0,56.8
The Bronx Institute of Technology for Humanities (Bldg 876),Bronx,X731,621.0,496.0,507.0,62.7
Technology School for of Manhattan - Campus 877,Manhattan,M857,650.0,740.0,625.0,85.1
The Manhattan High School for Mathematics (Bldg 878),Manhattan,M242,657.0,,,84.9
The Brooklyn Institute of Technology for Mathematics (Bldg 879),Brooklyn,K856,,661.0,715.0,52.6
The Manhattan Preparatory Academy for Leadership (Bldg 880),Manhattan,M879,439.0,674.0,637.0,82.2
The Queens Preparatory Academy for Law (Bldg 881),Queens,Q266,363.0,504.0,521.0,49.5
Leadership Institute of Technology of Queens - Campus 882,Queens,Q632,434.0,721.0,552.0,65.9
The Staten Island Preparatory Academy for Technology (Bldg 883),Staten Island,R259,686.0,492.0,678.0,75.0
The Manhattan Academy for Science (Bldg 884),Manhattan,M795,,432.0,477.0,
Leadership High School of Staten Island - Campus 885,Staten Island,R838,361.0,483.0,641.0,69.4
The Staten Island Institute of Technology for Business (Bldg 886),Staten Island,R772,565.0,499.0,,83.2
Business Academy of Staten Island - Campus 887,Staten Island,R367,491.0,433.0,655.0,81.8
Mathematics Preparatory Academy of Bronx - Campus 888,Bronx,X523,363.0,379.0,428.0,48.5
Leadership Academy of Brooklyn - Campus 889,Brooklyn,K695,467.0,452.0,713.0,49.7
The Bronx High School for Mathematics (Bldg 890),Bronx,X310,461.0,694.0,728.0,63.5
Leadership Academy of Manhattan - Campus 891,Manhattan,M821,433.0,638.0,536.0,90.6
The Manhattan School for for Science (Bldg 892),Manhattan,M600,,412.0,693.0,92.1
The Queens Collegiate for Business (Bldg 893),Queens,Q882,416.0,383.0,742.0,77.7
The Bronx School for for Medicine (Bldg 894),Bronx,X114,656.0,530.0,599.0,80.6
The Bronx School for for Medicine (Bldg 895),Bronx,X293,728.0,577.0,676.0,42.0
Leadership Academy of Bronx - Campus 896,Bronx,X104,418.0,637.0,527.0,71.6
The Brooklyn Academy for Mathematics (Bldg 897),Brooklyn,K151,,747.0,608.0,
The Manhattan Preparatory Academy for Business (Bldg 898),Manhattan,M999,660.0,626.0,716.0,57.6
Arts Academy of Staten Island - Campus 899,Staten Island,R298,674.0,723.0,548.0,55.7
